NAME, DATE, TIME
MAY,08/25/2024,01:57:35
TOM,08/25/2024,01:58:49
GORDON,08/25/2024,14:41:52
SULLY,08/25/2024,14:51:18
ALAN,08/25/2024,14:53:00
CAPT. SULLY SULLENBERGER,08/25/2024,16:44:01
TRUMP,08/25/2024,16:44:06
PM MODI,08/25/2024,16:44:12
BIDEN,08/25/2024,16:45:16
SHREEMATI MURMU,08/25/2024,16:45:57
SCARLET JOHANSSON,08/25/2024,16:46:24
TAYLOR SWIFT,08/25/2024,16:47:35
HENRY CAVILL,08/25/2024,16:48:52
TOM CRUISE,08/25/2024,16:49:02
DHAIRYASHEEL,08/25/2024,17:22:05
GORDON RAMSAY,08/25/2024,17:22:22
SATYASHEEL,08/25/2024,17:34:46
SUNITA,08/25/2024,17:39:17
DIVYA,08/25/2024,17:49:03
ALAN WALKER,08/25/2024,22:29:26